Cameron,Kelly,cameron.kelly@gongo.com
Emma,Mills,emma.mills@gongo.com
Frank,Vaughan,frank.vaughan@gongo.com
Joshua,Hunter,joshua.hunter@gongo.com
Luke,Newman,luke.newman@gongo.com
Sally,Forsyth,sally.forsyth@gongo.com
Rebecca,Lambert,rebecca.lambert@gongo.com
Victor,Scott,victor.scott@gongo.com
Colin,Manning,colin.manning@gongo.com
Eric,Poole,eric.poole@gongo.com
Matt,Lee,matt.lee@gongo.com
Ava,Young,ava.young@gongo.com
Deirdre,Underwood,deirdre.underwood@gongo.com
David,Wilson,david.wilson@gongo.com
Thomas,Quinn,thomas.quinn@gongo.com
Gavin,Rutherford,gavin.rutherford@gongo.com
Andrea,Taylor,andrea.taylor@gongo.com
David,Harris,david.harris@gongo.com
Rebecca,Metcalfe,rebecca.metcalfe@gongo.com
Stephanie,Carr,stephanie.carr@gongo.com
Anthony,Duncan,anthony.duncan@gongo.com
Dorothy,Underwood,dorothy.underwood@gongo.com
Tim,Lawrence,tim.lawrence@gongo.com
Alan,Dickens,alan.dickens@gongo.com
Hannah,Brown,hannah.brown@gongo.com
Abigail,Nolan,abigail.nolan@gongo.com
Ian,Short,ian.short@gongo.com
Steven,Wallace,steven.wallace@gongo.com
Eric,Abraham,eric.abraham@gongo.com
Mary,Fraser,mary.fraser@gongo.com